,id,idx,tm_4KSOchainA,tm_5N8YchainG,rmsd_4KSOchainA,rmsd_5N8YchainG,lddt_4KSOchainA,lddt_5N8YchainG,mean_plddt
0,KaiB_000,000,0.4579793916096832,0.7938647710537421,11.454558372497559,3.182945489883423,0.44615171650055374,0.717720151269584,73.37
1,KaiB_001,001,0.4794746133602355,0.7191715658138994,9.977261543273926,2.8821074962615967,0.43769757639620654,0.6591974986972381,77.26
2,KaiB_002,002,0.4519736665494532,0.7773315140842555,12.51286792755127,4.68007230758667,0.42992938620315047,0.6910187667560321,82.93
3,KaiB_003,003,0.7156575782322319,0.4637347756871449,4.811676502227783,9.656009674072266,0.6784103720405862,0.43321349557522126,62.53
4,KaiB_004,004,0.5694006233373873,0.5721877705411665,9.07390308380127,9.024032592773438,0.5390988372093024,0.5055523917995444,55.9
5,KaiB_005,005,0.6867564912821942,0.5529304680668544,4.92614221572876,9.085759162902832,0.6624713958810069,0.4728563474387528,59.71
6,KaiB_006,006,0.45554862380445865,0.7949470983474002,10.978936195373535,3.0623998641967773,0.44699061292103814,0.7138069705093834,82.53
7,KaiB_007,007,0.49248913521625653,0.4763952245860723,8.576709747314453,9.367219924926758,0.46995772946859904,0.4098769050410317,49.88
8,KaiB_008,008,0.46616159660464623,0.7986223362193361,11.110194206237793,2.969935655593872,0.44069895432030826,0.7131564844587354,79.45
9,KaiB_009,009,0.44995661151783894,0.7845252328719897,11.610821723937988,3.673428773880005,0.4500858123569794,0.6890345982142857,79.35
10,KaiB_010,010,0.44744173096890766,0.7840296293240411,12.24891471862793,3.187532663345337,0.44346240179573515,0.7095407326407873,83.19
11,KaiB_011,011,0.569612623525136,0.5699161680803535,7.310181617736816,8.032403945922852,0.5183397683397684,0.5051157781367798,60.8
12,KaiB_012,012,0.45322391184028216,0.7901922021528488,11.203787803649902,2.992098331451416,0.45529145444255803,0.722329295154185,83.3
13,KaiB_013,013,0.4671011418007659,0.720009010950542,9.823695182800293,3.505977153778076,0.4522441160372195,0.6314446831364124,67.04
14,KaiB_014,014,0.5076731678871754,0.6729563481545489,8.26317310333252,8.002681732177734,0.48940793047256925,0.5330490405117271,62.9
15,KaiB_015,015,0.45109337677333927,0.7821810147412771,11.495288848876953,3.2017030715942383,0.44678429140580533,0.6853496115427303,73.59
16,KaiB_016,016,0.45955123162664213,0.7926958751643278,10.903332710266113,3.1653730869293213,0.4493016759776537,0.7141693811074918,82.63
17,KaiB_017,017,0.5370556789590631,0.5387477323050027,6.558450698852539,8.470541000366211,0.5574148874783613,0.5267154105736783,57.13
18,KaiB_018,018,0.4623484316222763,0.5650015378186511,11.639032363891602,7.308401584625244,0.4075939031028851,0.4633423180592992,59.19
19,KaiB_019,019,0.6306312492922295,0.5172911810279213,5.818832874298096,9.9714994430542,0.637271689497717,0.45415030846887267,60.71
20,KaiB_020,020,0.5265469647929132,0.5583956729807302,7.565574645996094,8.52208137512207,0.5486896962477665,0.5237405906195716,56.05
21,KaiB_021,021,0.46624568368001956,0.792090134920182,12.304244041442871,3.4802870750427246,0.4523943661971831,0.7165386725178278,81.93
22,KaiB_022,022,0.8428419179470684,0.4835202186289688,4.576387405395508,9.442002296447754,0.8200921908893708,0.45122928915018706,76.23
23,KaiB_023,023,0.5508607288858696,0.5478616857700644,7.01853084564209,8.646471977233887,0.5520833333333334,0.5312131919905771,54.78
24,KaiB_024,024,0.4559989281532215,0.7835947479930703,11.323386192321777,3.0827441215515137,0.4552217855137563,0.717948717948718,80.84
25,KaiB_025,025,0.5268021778713546,0.5691429485475641,7.104705810546875,9.029932022094727,0.5358407079646017,0.5221902017291067,57.55
26,KaiB_026,026,0.4617845713383671,0.7578297138433548,10.253066062927246,2.836791753768921,0.43858932461873634,0.707620320855615,75.33
27,KaiB_027,027,0.4743493024151845,0.7601308846826761,11.12778091430664,3.2953429222106934,0.47208049886621317,0.6901603095632947,70.66
28,KaiB_028,028,0.4394935645344212,0.6236835273049501,9.829285621643066,4.259248733520508,0.4474279253815715,0.6018156424581006,54.77
29,KaiB_029,029,0.46817191033454864,0.6771315078553305,11.371013641357422,4.781536102294922,0.49709657701711496,0.6520229468599034,65.08
30,KaiB_030,030,0.4489425320250579,0.7736166787153423,11.151512145996094,3.0476229190826416,0.4422651933701658,0.7162891046386193,81.56
31,KaiB_031,031,0.5617848680329018,0.5418712738680154,6.879120349884033,8.112502098083496,0.5715166461159062,0.5348767288033673,54.37
32,KaiB_032,032,0.4318597479141072,0.675606576533658,11.928746223449707,5.047743320465088,0.41531127313516547,0.5891184573002755,62.34
33,KaiB_033,033,0.8505987157866199,0.4853395439541446,4.079169750213623,9.290221214294434,0.8316048034934498,0.4535410010649627,73.56
34,KaiB_034,034,0.5305367908592543,0.5740553781982357,7.374424457550049,8.70309066772461,0.5485029940119761,0.5209912536443149,56.04
35,KaiB_035,035,0.4692971840260966,0.7560585373659233,12.60860824584961,3.6078803539276123,0.4636075949367089,0.7105337078651686,67.83
36,KaiB_036,036,0.5715547841640517,0.561476266541052,6.867833137512207,8.362444877624512,0.5786153846153846,0.543139604553625,54.73
37,KaiB_037,037,0.7265827731947876,0.5360651147546105,4.671394348144531,9.247507095336914,0.6918042117245304,0.46091160220994476,64.24
38,KaiB_038,038,0.457392719425429,0.7827037552772655,11.01180362701416,2.914214611053467,0.459866220735786,0.7166847237269772,79.41
39,KaiB_039,039,0.4332884839730842,0.6201292401872756,11.801942825317383,5.877461910247803,0.4037810383747178,0.4976336302895323,51.14
40,KaiB_040,040,0.8348927059591128,0.47244022500453803,4.824436664581299,9.507676124572754,0.8087453482190324,0.439844587352626,78.05
41,KaiB_041,041,0.4723011461043285,0.770101340615152,10.01642894744873,2.956918478012085,0.4473612622415669,0.709445037353255,82.68
42,KaiB_042,042,0.44935619398126575,0.7514434331996572,12.632972717285156,4.661064147949219,0.4229525862068966,0.6799574694311536,81.35
43,KaiB_043,043,0.4462442547598783,0.6619304550041837,11.666765213012695,6.183037757873535,0.4391316685584563,0.503865267807841,62.94
44,KaiB_044,044,0.5731550386331467,0.5569594621530998,7.460718154907227,8.752958297729492,0.5725108225108225,0.5288519637462236,57.44
45,KaiB_045,045,0.41524820221040243,0.5768890673627407,10.174971580505371,4.162747859954834,0.41006176016469376,0.5879416282642089,71.13
46,KaiB_046,046,0.45680424097197897,0.7487478112625832,9.654726028442383,3.748955011367798,0.44526546250684185,0.6406333870101987,63.18
47,KaiB_047,047,0.45349592922607573,0.5944379209776401,12.067203521728516,5.929725646972656,0.4222191629955947,0.5224411603721948,57.48
48,KaiB_048,048,0.45597221834010265,0.7886817176113645,10.503485679626465,2.634126663208008,0.4315235008103728,0.724853645556147,76.01
49,KaiB_049,049,0.46695834475699477,0.7903680369333564,10.25561237335205,2.7949588298797607,0.4531336661120354,0.7204286489419425,70.66
50,KaiB_050,050,0.4551005621659405,0.7851141008554678,11.747443199157715,3.2719695568084717,0.4571469248291572,0.6809484193011647,74.38
51,KaiB_051,051,0.4562168818202637,0.7520081874147572,13.819037437438965,3.9491403102874756,0.4585470085470085,0.6717101610216547,69.46
52,KaiB_052,052,0.4382957547067738,0.5969929500179539,11.92174243927002,6.920257091522217,0.3897428731134712,0.45060874377421145,57.22
53,KaiB_053,053,0.45215113948082136,0.779282977185488,12.032597541809082,4.444591999053955,0.437602403058438,0.7010986066452305,76.65
54,KaiB_054,054,0.46926363267340493,0.7765156529759796,10.201589584350586,2.9577114582061768,0.45085118066996155,0.7160427807486631,81.0
55,KaiB_055,055,0.4672210684988047,0.7631832889427413,10.655017852783203,2.918186902999878,0.4530820033021464,0.7091178052716514,80.46
56,KaiB_056,056,0.4508787819593579,0.7874888238194477,11.510397911071777,3.5683746337890625,0.4494935284186832,0.7191442676906199,75.43
57,KaiB_057,057,0.4581303393045909,0.7847355447068239,10.533458709716797,2.912397623062134,0.4510626398210291,0.7106633771929824,74.92
58,KaiB_058,058,0.45168062306113765,0.7567417694950577,10.206063270568848,3.0026252269744873,0.43976071229827485,0.6434674751929438,61.71
59,KaiB_059,059,0.5164539237470434,0.5671988453251436,9.805366516113281,6.739109039306641,0.502998001332445,0.6157894736842104,51.51
60,KaiB_060,060,0.45484128292661113,0.754470467201722,11.322580337524414,3.523052453994751,0.45140806184428495,0.6371621621621621,65.67
61,KaiB_061,061,0.4620778035246321,0.7883085370425948,11.056726455688477,3.28686785697937,0.4542114188807236,0.7043203082003302,81.12
62,KaiB_062,062,0.49239291477409636,0.6386827521648354,10.092300415039062,6.157618522644043,0.4981447124304267,0.6461773700305811,68.92
63,KaiB_063,063,0.772601378816553,0.5105525056560077,4.812143325805664,9.674703598022461,0.7194742792538158,0.4513736263736264,65.5
64,KaiB_064,064,0.43115263081738475,0.6550998940545995,10.396160125732422,3.6562893390655518,0.42500000000000004,0.6340247844827587,61.11
65,KaiB_065,065,0.465651137438619,0.7989016978398804,10.543293952941895,3.2405362129211426,0.4510899944102851,0.7127169197396963,82.55
66,KaiB_066,066,0.4515550217639122,0.6664043267471984,10.912041664123535,5.3528876304626465,0.5087401055408971,0.6678082191780821,60.8
67,KaiB_067,067,0.45313993957782034,0.6635673058923133,10.042574882507324,5.5247673988342285,0.4962287869264614,0.628236744759556,57.34
68,KaiB_068,068,0.51151246029552,0.45242096074847266,9.285879135131836,9.958800315856934,0.5432565789473685,0.478594249201278,44.96
69,KaiB_069,069,0.4201454230926759,0.615897206707226,10.310473442077637,4.139616012573242,0.452924791086351,0.5797814207650274,59.48
70,KaiB_070,070,0.49152806946855737,0.6371662305699046,9.750947952270508,5.540558338165283,0.4996847414880202,0.6506870705808869,57.78
71,KaiB_071,071,0.44677191719184756,0.7472227260248836,10.228730201721191,2.7587687969207764,0.4377699784017278,0.6898987206823027,67.2
72,KaiB_072,072,0.46295349256409307,0.8021357092943651,10.417791366577148,2.4199893474578857,0.43194070080862534,0.7254901960784313,73.99
73,KaiB_073,073,0.44792730111604884,0.7550701301827302,10.064014434814453,3.112302303314209,0.4441272430668841,0.6576348104644953,67.19
74,KaiB_074,074,0.45939847541818,0.7942881786651913,10.331875801086426,2.767002582550049,0.4454446262956901,0.6646537842190017,73.03
75,KaiB_075,075,0.4580189259889005,0.7692891268029209,10.205231666564941,2.736595869064331,0.4310529128808124,0.6926121372031663,72.64
76,KaiB_076,076,0.4888907396566427,0.7331250430298575,9.757784843444824,2.898970127105713,0.4375,0.6724765868886576,77.2
77,KaiB_077,077,0.5439485030760638,0.5749184603685815,6.772430419921875,8.479248046875,0.5764192139737991,0.5552519732847602,54.52
78,KaiB_078,078,0.4702324706062092,0.7391555330797827,10.270546913146973,2.7294650077819824,0.4311805187930122,0.692076359832636,75.54
79,KaiB_079,079,0.4227891093276791,0.6850107468690692,10.570106506347656,3.466139793395996,0.43677204658901825,0.6487671232876713,60.21
80,KaiB_080,080,0.4680030640318655,0.761376643646904,9.939226150512695,2.895742416381836,0.43282402528977876,0.6532047941636269,71.13
81,KaiB_081,081,0.531377936096578,0.4783022257900419,7.421820163726807,8.72527027130127,0.5357971014492753,0.4894586894586894,51.39
82,KaiB_082,082,0.48936443171655925,0.7472449339326112,10.051823616027832,2.6986963748931885,0.4344327176781002,0.709005726184279,84.45
83,KaiB_083,083,0.4936409678414129,0.6071921559882318,10.020345687866211,4.763429641723633,0.5023020257826888,0.6335761991499695,57.16
84,KaiB_084,084,0.45626735480730113,0.6046921311042848,9.999406814575195,6.743590354919434,0.44728518713758564,0.5548016701461378,63.67
85,KaiB_085,085,0.46606728074935644,0.7427268216559542,10.025433540344238,2.8447182178497314,0.4349680170575693,0.7078092243186583,78.39
86,KaiB_086,086,0.6575439383730767,0.553929371424385,4.937350273132324,8.841554641723633,0.6765625,0.48611111111111116,62.65
87,KaiB_087,087,0.48027786146945917,0.6576340415389509,11.324337005615234,5.698620319366455,0.4334503239740821,0.5440386680988185,67.79
88,KaiB_088,088,0.4968892931329753,0.7311821906829871,9.902883529663086,2.9100875854492188,0.4455484896661367,0.6862848134524435,76.76
89,KaiB_089,089,0.48561355606739676,0.7283931277168514,10.423781394958496,2.8740155696868896,0.4352401511063141,0.6885638297872341,73.67
90,KaiB_090,090,0.5347642867119987,0.577041509166818,7.249920845031738,8.610142707824707,0.5467791411042945,0.5514088729016787,56.58
91,KaiB_091,091,0.7853663334244725,0.5034826938542526,5.260437488555908,9.658099174499512,0.7122204037097654,0.4546823658269442,68.27
92,KaiB_092,092,0.45979641839032603,0.6883224722508248,10.309062004089355,3.0382497310638428,0.44223433242506816,0.6682847896440129,71.15
93,KaiB_093,093,0.7885978740800608,0.5162081997340661,5.391561985015869,9.568292617797852,0.7205555555555555,0.47374301675977654,61.52
94,KaiB_094,094,0.48186242116461975,0.7440380021082146,9.797091484069824,2.8336005210876465,0.43485639686684074,0.6845854922279793,78.79
95,KaiB_095,095,0.4739726130407735,0.7476931140722153,9.943592071533203,2.7576255798339844,0.4349369085173501,0.6951092611862643,76.94
96,KaiB_096,096,0.4544615238775891,0.6628522187646544,9.624361038208008,4.13869047164917,0.4571147356580427,0.6043986636971047,59.6
97,KaiB_097,097,0.4249097179078314,0.6390316879872326,9.506317138671875,4.273839473724365,0.448338963963964,0.6257677275265214,58.37
98,KaiB_098,098,0.44808595049321515,0.7661026371422768,10.4872407913208,2.6627469062805176,0.43346007604562736,0.7030999465526456,77.28
99,KaiB_099,099,0.4466263717486067,0.5726850206332788,10.240707397460938,7.012789249420166,0.4582658022690437,0.5189636752136753,67.15
100,KaiB_100,100,0.5446517660303891,0.561886001722081,6.996403694152832,8.520134925842285,0.5570602556299452,0.5127445168938944,48.48
101,KaiB_101,101,0.46856104472421856,0.6914772654181311,11.084332466125488,3.8825273513793945,0.4734263657957245,0.6131195335276969,59.47
102,KaiB_102,102,0.8688889932636079,0.47510314293055866,3.958637237548828,9.292978286743164,0.866313789359392,0.4392213983050848,78.89
103,KaiB_103,103,0.5112006176915954,0.5497740424917955,13.703883171081543,10.3799409866333,0.5471385542168674,0.49438534278959817,54.29
104,KaiB_104,104,0.438370079460767,0.7908957543194033,11.961020469665527,3.1476945877075195,0.4515625,0.7004703929164361,76.42
105,KaiB_105,105,0.41063429601299506,0.6475197320531912,12.636725425720215,5.65664005279541,0.4534709754637941,0.5453088578088578,57.1
106,KaiB_106,106,0.5159794984956875,0.5526933382757937,9.99909496307373,8.376684188842773,0.5261245674740485,0.6013832658569501,55.98
107,KaiB_107,107,0.4670239568371249,0.7906883198471071,10.684306144714355,3.1468088626861572,0.4450354609929078,0.7070063694267515,78.11
108,KaiB_108,108,0.4621922812433705,0.7758187841324852,11.773247718811035,3.292518377304077,0.45407303370786517,0.6617003827227994,69.24
109,KaiB_109,109,0.7256036390169892,0.5062367799978904,4.6144938468933105,9.400094985961914,0.6898096304591266,0.4410480349344978,67.86
110,KaiB_110,110,0.42137822040613077,0.6021583496664304,11.986262321472168,6.6219072341918945,0.39224384659416145,0.4638842046093311,55.8
111,KaiB_111,111,0.43321633987319175,0.6357095684255806,11.870765686035156,6.348807334899902,0.4431753283837807,0.5089385474860335,57.58
112,KaiB_112,112,0.739063017076157,0.48024407822885407,4.615359783172607,9.478270530700684,0.7045322486926207,0.45958593306863305,60.73
113,KaiB_113,113,0.43661884709563265,0.6318104472489605,13.226832389831543,6.49261474609375,0.4156232214001139,0.491269401330377,58.45
114,KaiB_114,114,0.7209203345203873,0.5070846163506662,4.715355396270752,9.44538688659668,0.7439260077305356,0.45329373650107996,67.49
115,KaiB_115,115,0.5073569948065063,0.6467029508273985,9.980306625366211,4.527282238006592,0.4824090638044126,0.6382665094339622,61.66
116,KaiB_116,116,0.4613066365524651,0.7536263052620339,13.357017517089844,3.863064765930176,0.4612020316027088,0.6691988950276243,66.94
117,KaiB_117,117,0.42208367894635485,0.5419979129805961,12.214472770690918,6.368463039398193,0.3747917823431427,0.48454746136865345,57.76
118,KaiB_118,118,0.44973936964174244,0.5740553366078425,9.58475112915039,6.446511268615723,0.38110281447443994,0.44685039370078744,53.46
119,KaiB_119,119,0.4581343609525163,0.7859937520244095,12.664677619934082,4.296542644500732,0.42288828337874657,0.6964190272581507,82.33
120,KaiB_120,120,0.46260849299281054,0.7953226884947153,11.142863273620605,2.844475269317627,0.4364336818932306,0.7192534908700322,77.36
121,KaiB_121,121,0.5049857120196811,0.6503817468544201,9.527438163757324,4.2644124031066895,0.4814974182444062,0.6306076093128904,62.91
122,KaiB_122,122,0.5107387033460014,0.46376960344047913,9.446266174316406,8.77601432800293,0.48322348711803476,0.42218640093786636,51.54
123,KaiB_123,123,0.5343238972179348,0.5720855132816178,7.138338565826416,8.743753433227539,0.5464369158878505,0.5303418803418803,56.52
124,KaiB_124,124,0.7453542164524338,0.5412706631500609,4.57999849319458,9.164373397827148,0.721969265793967,0.47429127292940526,59.03
125,KaiB_125,125,0.7138588664962734,0.5638007550454125,4.9720964431762695,8.960204124450684,0.6752664049355019,0.4725559803386128,64.21
126,KaiB_126,126,0.4645152615475491,0.7803579207506632,10.862109184265137,3.2893152236938477,0.45496632996633,0.7069672131147541,78.86
127,KaiB_127,127,0.4558154776443064,0.765360534721797,13.958989143371582,4.429561614990234,0.4539066891512085,0.7164383561643836,77.79
128,KaiB_128,128,0.3866138469743517,0.5766122779918317,13.478172302246094,7.550724983215332,0.3619851258581236,0.4429652466367714,52.55
129,KaiB_129,129,0.4511220952147362,0.7934022144425036,11.393851280212402,3.1380245685577393,0.44562780269058294,0.6943989071038251,78.48
130,KaiB_130,130,0.4462588478464953,0.7723714893617869,11.187760353088379,3.1447746753692627,0.46092413006274957,0.691119153674833,67.43
131,KaiB_131,131,0.5477087361049139,0.4888706734020443,6.7557220458984375,10.008535385131836,0.5412371134020618,0.4115817535545024,50.14
132,KaiB_132,132,0.46490806457609457,0.7709844635813109,10.519609451293945,2.67280650138855,0.44917127071823204,0.7095508658008658,73.01
133,KaiB_133,133,0.48461423966835204,0.7717881001163919,10.123994827270508,2.5216593742370605,0.4458776595744681,0.7199267782426778,75.61
134,KaiB_134,134,0.6919191149956022,0.5436133431278122,5.658384799957275,9.431090354919434,0.6336255656108597,0.4817477876106195,64.05
135,KaiB_135,135,0.7338994030945695,0.5394545711278674,4.800449848175049,9.364242553710938,0.7094211123723042,0.46146408839779,64.44
136,KaiB_136,136,0.4519323819332261,0.797921542254528,11.416021347045898,3.1022605895996094,0.45159932659932667,0.721448087431694,77.65
137,KaiB_137,137,0.4523750601908758,0.7958705863761945,11.298426628112793,3.2274982929229736,0.4492630385487528,0.7156646442360728,80.61
138,KaiB_138,138,0.43055942151278437,0.6458782521383513,11.507986068725586,4.260259628295898,0.4841294783155248,0.6047400611620795,55.21
139,KaiB_139,139,0.6735023912471648,0.576146215504395,4.797874450683594,8.422256469726562,0.6558199541284404,0.48799553322166384,62.47
140,KaiB_140,140,0.4483365006756305,0.7707220104626524,10.870567321777344,2.9728095531463623,0.453943661971831,0.6958310477235325,74.67
141,KaiB_141,141,0.48899733569849185,0.5940507942338948,9.727593421936035,7.393204689025879,0.4815492957746479,0.5506644518272426,61.34
142,KaiB_142,142,0.665485744955098,0.5636987467675639,4.849151134490967,8.978982925415039,0.6428770172509738,0.4827819956616053,61.56
143,KaiB_143,143,0.44587288369713524,0.6015097814183673,11.748778343200684,6.207454204559326,0.41058887088060503,0.5021516944593868,58.65
144,KaiB_144,144,0.4685543856758581,0.7736648342100579,10.377815246582031,2.9363019466400146,0.4489571899012075,0.7113941018766756,77.91
145,KaiB_145,145,0.45695312465762516,0.7958890378761254,11.425389289855957,2.8497583866119385,0.4352617079889807,0.7096340150699677,71.36
146,KaiB_146,146,0.47750527300174955,0.7561281425979124,10.035175323486328,2.9583518505096436,0.4475675675675676,0.6659999999999999,68.13
147,KaiB_147,147,0.5830308560395289,0.514067351719711,7.605147838592529,7.880333423614502,0.529292343387471,0.49971719457013575,56.88
148,KaiB_148,148,0.44784727397260454,0.5423289900554458,10.321413040161133,6.652193546295166,0.4970159151193634,0.620473996050033,54.78
149,KaiB_149,149,0.4836032158199847,0.7592314878309017,12.06613826751709,3.6474874019622803,0.4662464985994398,0.7201206140350876,74.45
150,KaiB_150,150,0.6510535086207949,0.5544467420784887,4.728595733642578,8.638459205627441,0.6579092920353983,0.4864351600651112,62.94
151,KaiB_151,151,0.4518965053567098,0.7633504882011738,10.017586708068848,2.7566990852355957,0.43319194061505834,0.6779705573080967,65.44
152,KaiB_152,152,0.5408145675897679,0.5652220131931156,7.065253734588623,8.696269989013672,0.5577507598784195,0.5567239336492891,58.21
153,KaiB_153,153,0.4557957071684587,0.7989769070332842,11.189850807189941,3.0471506118774414,0.4299835255354201,0.693626138189609,76.53
154,KaiB_154,154,0.4841536960212327,0.7497302045419068,10.0051908493042,2.7306792736053467,0.4400958466453674,0.709409594095941,80.48
155,KaiB_155,155,0.4643046065185832,0.6583434616464009,9.930394172668457,5.00354528427124,0.4746268656716418,0.6406894519740719,59.02
156,KaiB_156,156,0.8466234381111578,0.5010976735667791,3.9293665885925293,9.325790405273438,0.8312119535141118,0.4587391774891775,74.59
157,KaiB_157,157,0.5712330477785821,0.5674957358634587,7.775547027587891,8.203048706054688,0.5301775147928994,0.518053148469093,59.39
158,KaiB_158,158,0.45619806031315374,0.7958259729638053,10.721375465393066,3.2651851177215576,0.44698660714285715,0.7147505422993493,81.56
159,KaiB_159,159,0.4581331909706081,0.7889562102133844,10.675253868103027,3.340304374694824,0.45272931907709624,0.7112328767123288,79.58
160,KaiB_160,160,0.4486088000000807,0.791030448931545,11.042481422424316,3.226576566696167,0.43992248062015504,0.6904312668463611,79.12
161,KaiB_161,161,0.4494540677736345,0.7990077798491452,11.609025001525879,3.2027225494384766,0.4586197021764032,0.6949081803005008,77.97
162,KaiB_162,162,0.5474832201184668,0.5704401376087559,6.884609222412109,8.617403984069824,0.5710315009264978,0.5314948764315853,54.44
163,KaiB_163,163,0.46952589338714507,0.737778259230371,10.089347839355469,3.163630723953247,0.4600886917960089,0.6403794037940379,63.85
164,KaiB_164,164,0.4911963801000413,0.7327030209439143,9.883148193359375,2.8376283645629883,0.4383793642522147,0.6794938016528925,77.81
165,KaiB_165,165,0.5199689338178377,0.4871090949996383,7.3590922355651855,8.10744571685791,0.5116313309776208,0.4941125789775991,55.41
166,KaiB_166,166,0.49814480851506215,0.654066485221608,10.157155990600586,5.10463285446167,0.5137071651090342,0.6421327596803934,59.59
167,KaiB_167,167,0.4653039837145362,0.6493938636120897,9.37052059173584,5.695306301116943,0.47305653710247353,0.622974537037037,59.17
168,KaiB_168,168,0.40639096910581257,0.5458412704074782,10.403446197509766,5.025742053985596,0.43212478920741987,0.5500277932184547,61.06
169,KaiB_169,169,0.5435507239805206,0.5776085828933211,6.746429920196533,8.605114936828613,0.541283084004603,0.5295518207282913,57.87
170,KaiB_170,170,0.4080849380019219,0.5506398960596235,12.181439399719238,7.019174098968506,0.3676231727125068,0.4430037817396002,58.48
171,KaiB_171,171,0.49041355095971667,0.6450747846552382,10.012467384338379,4.966911792755127,0.4775964391691394,0.6370967741935484,68.23
172,KaiB_172,172,0.4717038123466866,0.732664070324734,9.771116256713867,3.013852119445801,0.43878865979381443,0.637468030690537,65.1
173,KaiB_173,173,0.4496092242837234,0.7569172498438167,13.064970016479492,3.586930513381958,0.4541595925297114,0.6870165745856354,72.97
174,KaiB_174,174,0.447401950494224,0.7270786426168319,10.562759399414062,3.1455276012420654,0.44886677722498614,0.6438819707634001,62.2
175,KaiB_175,175,0.4646550723963564,0.7921366780184959,11.280128479003906,3.051743745803833,0.45322939866369705,0.7081976112920738,73.89
176,KaiB_176,176,0.4481087321747004,0.6696975946776194,9.68786334991455,3.9210426807403564,0.4633314383172257,0.6273930180180181,60.64
177,KaiB_177,177,0.44765379522304294,0.7360526478926389,10.595958709716797,3.0028398036956787,0.4399332591768632,0.6862258953168044,60.99
178,KaiB_178,178,0.48023177186644966,0.7528403360258502,10.089123725891113,2.715073347091675,0.44112946190729885,0.6968700683850605,75.14
179,KaiB_179,179,0.4875134449781675,0.7558264066560866,10.003259658813477,2.599386215209961,0.43818897637795273,0.7206645898234684,83.72
180,KaiB_180,180,0.46864371210296035,0.6146335857832697,11.418807983398438,6.188928127288818,0.41585629389519185,0.522996234534696,60.87
181,KaiB_181,181,0.47850169720621977,0.7446565707550893,9.955144882202148,2.759037494659424,0.44104516806722693,0.6973478939157567,75.5
182,KaiB_182,182,0.46383070834286183,0.754561409735575,10.861531257629395,3.1408371925354004,0.4632735685367264,0.6887005649717515,65.18
183,KaiB_183,183,0.4736334351412092,0.7368764601837018,9.911995887756348,2.8582658767700195,0.4375,0.6859979101358411,76.25
184,KaiB_184,184,0.4629500907456476,0.7549031528714686,10.181093215942383,3.615283250808716,0.4432068206820682,0.6167115902964959,62.71
185,KaiB_185,185,0.48336389179780315,0.7328388546670351,9.773600578308105,2.870300531387329,0.4331683168316832,0.6710933470861269,74.28
186,KaiB_186,186,0.5152019074816262,0.6137238043858664,9.44962215423584,4.079547882080078,0.4892680242157402,0.599264705882353,64.66
187,KaiB_187,187,0.47575528137698986,0.5994467176729493,10.004953384399414,6.6274261474609375,0.483843537414966,0.5839405829596412,66.27
188,KaiB_188,188,0.5325367547578527,0.5858310268191189,6.890365123748779,8.52644157409668,0.5268166089965398,0.5322172200337648,61.87
189,KaiB_189,189,0.47855574226383296,0.7417163269244563,10.232857704162598,3.2543718814849854,0.4457470010905126,0.6582177161152615,56.74
190,KaiB_190,190,0.4573078956423825,0.7424202823831056,10.287927627563477,2.9596080780029297,0.43879781420765024,0.7112694997310383,74.89
191,KaiB_191,191,0.48667706412201234,0.7228476521100788,9.700047492980957,3.232809543609619,0.44733333333333336,0.6319407720782655,70.53
192,KaiB_192,192,0.5743271154121631,0.5750735293308554,7.334646701812744,9.02517032623291,0.5835358444714459,0.5198931116389549,55.27
193,KaiB_193,193,0.7237278572104634,0.5397146777494851,4.373170852661133,9.43639850616455,0.7262308998302207,0.4687845303867403,61.62
194,KaiB_194,194,0.4882572036774015,0.7344756499895818,9.739693641662598,2.9216325283050537,0.4339035769828927,0.6616213442791175,72.9
195,KaiB_195,195,0.46912772538865843,0.6718749126713456,9.72515869140625,4.131100177764893,0.458406561218512,0.6342699884125145,55.44
196,KaiB_196,196,0.47843126003771635,0.6418379092476905,9.825848579406738,5.714353084564209,0.495216049382716,0.6482327848872639,56.81
