id,idx,tm_2OUGchainA,tm_6C6SchainD,rmsd_2OUGchainA,rmsd_6C6SchainD,lddt_2OUGchainA,lddt_6C6SchainD,mean_plddt
RfaH_001,001,0.8395620896486831,0.5691339511632749,6.668862342834473,18.0390567779541,0.7933937823834197,0.620293554562859,77.29376543209877
RfaH_002,002,0.5409033704165391,0.441180928085623,12.254632949829102,17.780080795288086,0.5757903494176373,0.5345195145949492,49.15506172839507
RfaH_003,003,0.8319005829611978,0.562720169661864,7.155423641204834,18.015628814697266,0.7687221159974507,0.6190737833594976,74.77907407407407
RfaH_004,004,0.568212597318923,0.4875767186941348,14.308426856994629,18.045150756835938,0.5420174870466321,0.47648514851485146,48.65475308641975
RfaH_005,005,0.8300910951412775,0.5616996881289122,7.115194320678711,18.005136489868164,0.7814318034906271,0.6185173401209036,74.71845679012345
RfaH_006,006,0.5294504958390741,0.4491744222968465,13.979839324951172,18.106189727783203,0.6378393250183418,0.5119004688063469,48.31067901234568
RfaH_007,007,0.8407634482045007,0.564762370909606,7.394087791442871,17.885311126708984,0.7631578947368421,0.5962295578437311,74.42901234567901
RfaH_008,008,0.5217671265598872,0.4393135046230341,12.916813850402832,17.238971710205078,0.6167974322396577,0.5582865168539326,47.7891975308642
RfaH_009,009,0.827886487072296,0.5595110473624763,7.254368782043457,18.025684356689453,0.7685362735698307,0.6163101604278075,74.3062962962963
RfaH_010,010,0.5370248023078561,0.4516752138951894,14.948022842407227,19.025320053100586,0.6540555764175742,0.5254518627812615,47.04037037037037
RfaH_011,011,0.8358244360379725,0.5628608532671038,7.255807399749756,17.965023040771484,0.7717356687898089,0.6159511125039172,74.0962962962963
RfaH_012,012,0.5332778336195165,0.4677604413578983,13.636087417602539,19.71821403503418,0.555102706227584,0.5170545106789927,55.48716049382716
RfaH_013,013,0.4979831117492989,0.4022668481351799,14.777140617370605,19.891904830932617,0.662883087400681,0.5311688311688312,44.75388888888889
RfaH_014,014,0.8312745204585356,0.5790816169230187,8.24222469329834,18.02501678466797,0.7510137242669994,0.620541205412054,74.07006172839507
RfaH_015,015,0.8317009866875464,0.5686769131510526,6.686502456665039,17.949771881103516,0.7892028748774911,0.6293047956227873,73.99456790123459
RfaH_016,016,0.5055167502361816,0.43679067488210216,15.033431053161621,19.14580726623535,0.6028233498664632,0.501840942562592,44.05407407407407
RfaH_017,017,0.8401971946855882,0.5641239700355924,6.9042840003967285,18.033721923828125,0.7764705882352941,0.610832811521603,74.01586419753086
RfaH_018,018,0.4243264739917143,0.34906754903873555,18.4957275390625,25.465543746948242,0.6109653725078699,0.5922279792746113,38.30271604938272
RfaH_019,019,0.8277076106609642,0.5662165648077688,7.6608500480651855,17.825881958007812,0.7507559721802237,0.5913618792744573,73.94820987654322
RfaH_020,020,0.4232069852618143,0.3387428818120637,15.529960632324219,20.652090072631836,0.6017464678178964,0.48844820947246825,37.055679012345685
RfaH_021,021,0.8360079414839273,0.5655892254295164,7.717750549316406,17.831954956054688,0.7648996235884566,0.6154559505409583,73.76530864197531
RfaH_022,022,0.27946706737360677,0.2411326669669286,16.786710739135742,23.135234832763672,0.39041554959785524,0.3741721854304636,36.16253086419753
RfaH_023,023,0.8366408434493806,0.5709203781573148,6.471835136413574,17.9630069732666,0.798158409387223,0.6246388443017656,76.61864197530865
RfaH_024,024,0.843671660078796,0.5636194824876121,7.602168560028076,17.905916213989258,0.7581673926571251,0.613182934315531,73.6320987654321
RfaH_025,025,0.8283321272629894,0.5694764713298441,7.791189193725586,17.820884704589844,0.7415789473684211,0.5927049422906185,73.59358024691358
RfaH_026,026,0.28471986956209355,0.23797938207343425,18.441335678100586,22.338794708251953,0.3490930142802007,0.3587945413191812,35.696111111111115
RfaH_027,027,0.8411292833922417,0.5658177037875821,7.774158477783203,17.86406707763672,0.7588840399002493,0.6135176651305684,73.52716049382715
RfaH_028,028,0.30475297897490206,0.24021404887004535,18.423465728759766,25.2354793548584,0.3476034016235021,0.33505351681957185,34.26450617283951
RfaH_029,029,0.2990146715947391,0.26187402695561446,16.923852920532227,23.571712493896484,0.3962414578587699,0.37606933813597476,34.004691358024694
RfaH_030,030,0.8406548014525471,0.5661474135965765,7.769812107086182,17.88711166381836,0.7576514678326045,0.613342566943675,73.32166666666666
RfaH_031,031,0.8302297992313881,0.5650931111767443,7.350417137145996,17.887161254882812,0.766098182977367,0.6272384542884072,73.13364197530865
RfaH_032,032,0.27947743110474627,0.26090561976405846,17.10802459716797,24.18577003479004,0.39057471264367816,0.3869318181818182,33.87870370370371
RfaH_033,033,0.3439057443848396,0.2193912078625831,15.387081146240234,21.88912582397461,0.5130999559665346,0.3930112165660052,33.437530864197534
RfaH_034,034,0.5400665335302138,0.4614356591744128,13.580684661865234,18.988040924072266,0.5208400646203555,0.5001584283903675,55.29567901234568
RfaH_035,035,0.8370038091839065,0.5654887010997481,7.6274027824401855,17.796411514282227,0.7561392601802921,0.6122089460784313,72.51845679012345
RfaH_036,036,0.8277577279689674,0.5664294420163621,7.821122169494629,17.89318084716797,0.760814651089359,0.6221617418351477,71.97456790123456
RfaH_037,037,0.27470879068044657,0.28649200863468915,17.49444007873535,25.998918533325195,0.2936478454680535,0.3205689277899344,33.309691358024686
RfaH_038,038,0.8266960246520833,0.5675981743491907,7.512292385101318,17.82537269592285,0.7618670886075949,0.6240261763789343,71.61901234567901
RfaH_039,039,0.2904864454844844,0.2505814272534801,17.66327476501465,21.776735305786133,0.34135687732342007,0.3458804228946409,32.5391975308642
RfaH_040,040,0.8300744182820874,0.5753060237515367,7.97206449508667,17.934040069580078,0.7435579012728967,0.6125114573785518,71.55666666666667
RfaH_041,041,0.28629571875463705,0.22217933070480306,18.4306697845459,25.096529006958008,0.41555390702274975,0.391845703125,31.910679012345682
RfaH_042,042,0.8254639906650147,0.5782286060713537,8.080418586730957,17.87346649169922,0.7451908160099286,0.615032080659945,70.86253086419752
RfaH_043,043,0.2434816467158268,0.22176904310378287,19.485546112060547,23.29903221130371,0.3877891459074733,0.39024923480542195,30.702037037037034
RfaH_044,044,0.8354724242107284,0.5695988920520132,6.435419082641602,17.901683807373047,0.7975996080992815,0.6224259974259975,75.41820987654322
RfaH_045,045,0.55322788312323,0.47449767206748744,12.646071434020996,19.45741081237793,0.5670771756978654,0.5188892476590249,53.37185185185185
RfaH_046,046,0.830449772732669,0.5700273563573879,7.916402816772461,17.856077194213867,0.7468239564428312,0.5972015480797856,75.18932098765431
RfaH_047,047,0.5219851329325325,0.4670810741093217,13.806293487548828,19.982370376586914,0.57073544433095,0.537037037037037,51.746358024691354
RfaH_048,048,0.8433165650331014,0.568362113810814,7.252721309661865,17.89008140563965,0.7636489821098087,0.5990136570561457,75.13666666666666
RfaH_049,049,0.5332778336195165,0.4677604413578983,13.636087417602539,19.71821403503418,0.555102706227584,0.5170545106789927,55.48716049382716
RfaH_050,050,0.5400665335302138,0.4614356591744128,13.580684661865234,18.988040924072266,0.5208400646203555,0.5001584283903675,55.29567901234568
RfaH_051,051,0.55322788312323,0.47449767206748744,12.646071434020996,19.45741081237793,0.5670771756978654,0.5188892476590249,53.37185185185185
RfaH_052,052,0.5219851329325325,0.4670810741093217,13.806293487548828,19.982370376586914,0.57073544433095,0.537037037037037,51.746358024691354
RfaH_053,053,0.528971485265162,0.45157146667260784,13.914762496948242,18.178508758544922,0.493671900032041,0.48582837456937045,50.57925925925926
RfaH_054,054,0.5409033704165391,0.441180928085623,12.254632949829102,17.780080795288086,0.5757903494176373,0.5345195145949492,49.15506172839507
RfaH_055,055,0.568212597318923,0.4875767186941348,14.308426856994629,18.045150756835938,0.5420174870466321,0.47648514851485146,48.65475308641975
RfaH_056,056,0.5294504958390741,0.4491744222968465,13.979839324951172,18.106189727783203,0.6378393250183418,0.5119004688063469,48.31067901234568
RfaH_057,057,0.5217671265598872,0.4393135046230341,12.916813850402832,17.238971710205078,0.6167974322396577,0.5582865168539326,47.7891975308642
RfaH_058,058,0.5370248023078561,0.4516752138951894,14.948022842407227,19.025320053100586,0.6540555764175742,0.5254518627812615,47.04037037037037
RfaH_059,059,0.4979831117492989,0.4022668481351799,14.777140617370605,19.891904830932617,0.662883087400681,0.5311688311688312,44.75388888888889
RfaH_060,060,0.5055167502361816,0.43679067488210216,15.033431053161621,19.14580726623535,0.6028233498664632,0.501840942562592,44.05407407407407
RfaH_061,061,0.5054032308167976,0.4200069536839936,14.763710021972656,20.16876792907715,0.584548679542767,0.503062787136294,42.53691358024691
RfaH_062,062,0.4243264739917143,0.34906754903873555,18.4957275390625,25.465543746948242,0.6109653725078699,0.5922279792746113,38.30271604938272
RfaH_063,063,0.4232069852618143,0.3387428818120637,15.529960632324219,20.652090072631836,0.6017464678178964,0.48844820947246825,37.055679012345685
RfaH_064,064,0.27946706737360677,0.2411326669669286,16.786710739135742,23.135234832763672,0.39041554959785524,0.3741721854304636,36.16253086419753
RfaH_065,065,0.28471986956209355,0.23797938207343425,18.441335678100586,22.338794708251953,0.3490930142802007,0.3587945413191812,35.696111111111115
RfaH_066,066,0.30475297897490206,0.24021404887004535,18.423465728759766,25.2354793548584,0.3476034016235021,0.33505351681957185,34.26450617283951
RfaH_067,067,0.2990146715947391,0.26187402695561446,16.923852920532227,23.571712493896484,0.3962414578587699,0.37606933813597476,34.004691358024694
RfaH_068,068,0.27947743110474627,0.26090561976405846,17.10802459716797,24.18577003479004,0.39057471264367816,0.3869318181818182,33.87870370370371
RfaH_069,069,0.3439057443848396,0.2193912078625831,15.387081146240234,21.88912582397461,0.5130999559665346,0.3930112165660052,33.437530864197534
RfaH_070,070,0.27470879068044657,0.28649200863468915,17.49444007873535,25.998918533325195,0.2936478454680535,0.3205689277899344,33.309691358024686
RfaH_071,071,0.2904864454844844,0.2505814272534801,17.66327476501465,21.776735305786133,0.34135687732342007,0.3458804228946409,32.5391975308642
RfaH_072,072,0.28629571875463705,0.22217933070480306,18.4306697845459,25.096529006958008,0.41555390702274975,0.391845703125,31.910679012345682
RfaH_073,073,0.2434816467158268,0.22176904310378287,19.485546112060547,23.29903221130371,0.3877891459074733,0.39024923480542195,30.702037037037034
RfaH_074,074,0.5543118489365124,0.4951292184504356,12.667462348937988,18.279085159301758,0.5453725961538461,0.5230496453900709,68.56845679012346
RfaH_075,075,0.719283573002825,0.5878358267673204,8.984847068786621,15.77315616607666,0.6765322580645161,0.6454669496664645,67.4738888888889
RfaH_076,076,0.7099998505754094,0.5834699391912365,8.958722114562988,15.420443534851074,0.6681994191674734,0.6548377312708522,66.41197530864197
RfaH_077,077,0.6978271631433809,0.5694008624252036,9.132662773132324,15.648763656616211,0.6677174264468153,0.6516605728214503,65.19888888888889
RfaH_078,078,0.6303918564844099,0.5599409318301177,10.525347709655762,17.596254348754883,0.6535172636334301,0.6491074274784826,63.61308641975308
RfaH_079,079,0.5920574061237182,0.4632062047841321,12.682510375976562,17.838886260986328,0.5526834445118254,0.5238848920863309,63.43512345679013
RfaH_080,080,0.710062959926649,0.5616739061220895,8.747393608093262,16.0653133392334,0.6948675496688741,0.6531510658016683,62.79938271604938
RfaH_081,081,0.5853719656306274,0.477827919053294,12.430472373962402,18.613845825195312,0.5820031298904538,0.5453570334048422,58.78481481481481
RfaH_082,082,0.5528584543955751,0.5016354209216517,12.096488952636719,17.772253036499023,0.6046105483758295,0.5781624957147754,56.83413580246914
RfaH_083,083,0.6347542538838176,0.5089424079739732,11.059867858886719,20.068344116210938,0.6152470741222367,0.529281418170307,56.10814814814815
RfaH_084,084,0.617158823435605,0.4679931087906238,10.48492431640625,20.5707950592041,0.6220790378006873,0.522505878401075,55.156049382716056
RfaH_085,085,0.6547921395940396,0.4820872083473206,12.372821807861328,19.79370880126953,0.5915580384854128,0.47065313327449254,54.73969135802469
RfaH_086,086,0.7053030282722825,0.5218316641957903,7.807882308959961,16.956939697265625,0.6719547193877551,0.5813095604057793,54.120740740740736
RfaH_087,087,0.5258035334570411,0.39670704308387245,12.028836250305176,19.91493797302246,0.5003248862897985,0.5351851851851852,52.142407407407404
RfaH_088,088,0.5750631262516427,0.45855509708935355,12.812481880187988,18.206165313720703,0.546969696969697,0.5290697674418605,51.172345679012345
RfaH_089,089,0.32532471539869023,0.2790853248677717,16.408748626708984,21.557283401489258,0.40049504950495046,0.42237442922374424,50.343333333333334
RfaH_090,090,0.49994840759195047,0.37034643572559445,13.232512474060059,19.194429397583008,0.5334996436208126,0.49545604758757433,45.24401234567901
RfaH_091,091,0.47438896669556396,0.41383239841626707,17.16252326965332,20.101076126098633,0.7044821179749188,0.5865603644646925,44.01481481481481
RfaH_092,092,0.2887776271732888,0.21908331871129869,15.871970176696777,21.14143180847168,0.4330484330484331,0.41874292185730466,43.01907407407408
RfaH_093,093,0.3169325383288752,0.30682355459236893,17.983545303344727,23.3197021484375,0.33341915550978374,0.3346257585974376,42.33283950617284
RfaH_094,094,0.3111195773614712,0.24029418557724413,15.906875610351562,18.84425163269043,0.44667359667359674,0.46144430844553247,40.10858024691358
RfaH_095,095,0.3126101912065689,0.2704174394268024,16.68268394470215,20.782316207885742,0.43508739985433353,0.42089176555195973,39.825123456790124
RfaH_096,096,0.3272111404120638,0.29588196501956,19.47835922241211,22.18889808654785,0.4004647560030984,0.3453373768006065,36.89654320987654
RfaH_097,097,0.3201462095376099,0.24544884444484857,15.418899536132812,21.580787658691406,0.3990270055599683,0.4340829778984102,36.82592592592592
RfaH_098,098,0.316981288773147,0.2843642603659534,18.045366287231445,24.979951858520508,0.4087903539478802,0.3923758182518291,36.70759259259259
RfaH_099,099,0.590790609394139,0.5685723258830175,15.896890640258789,10.428520202636719,0.6508951406649617,0.8424772803769774,83.3987037037037
RfaH_100,100,0.5962385221047927,0.5711336631396843,13.151750564575195,10.516977310180664,0.6453467481135465,0.8328093977498345,82.31555555555555
RfaH_101,101,0.7347150193053061,0.5657271263200322,9.824161529541016,17.812665939331055,0.748125,0.7127509686509335,79.88135802469135
RfaH_102,102,0.7389799774945702,0.5736125595370624,8.977193832397461,15.618148803710938,0.6511080752884032,0.5936517014583929,75.56697530864197
RfaH_103,103,0.7478168467432643,0.5936887298092678,8.672944068908691,18.085351943969727,0.6606872540115047,0.615029761904762,72.07135802469135
RfaH_104,104,0.7205037218759583,0.567630456842383,9.160840034484863,15.22385025024414,0.7422927002126152,0.6923665419925196,71.98203703703703
RfaH_105,105,0.7061407236151083,0.5823355108825975,9.430620193481445,16.313032150268555,0.7371495327102804,0.7166193181818182,70.9508024691358
RfaH_106,106,0.71415316318365,0.5695353569222708,8.702143669128418,16.335416793823242,0.7081519919651824,0.6870039682539684,69.62759259259259
RfaH_107,107,0.7706854531595582,0.577475395584207,8.491205215454102,18.001541137695312,0.7165418430478672,0.6452594490711082,69.04944444444443
RfaH_108,108,0.738459317703406,0.5512763467116666,9.555383682250977,19.8555965423584,0.6835482856244102,0.5698574969021066,68.80203703703704
RfaH_109,109,0.7751927393926965,0.5807648343347301,8.627850532531738,17.942981719970703,0.6908677944862156,0.6286923076923077,68.18962962962962
RfaH_110,110,0.5745628503146296,0.47894583736932583,12.537178993225098,19.518033981323242,0.5438046647230321,0.5170650921658986,67.77382716049384
RfaH_111,111,0.6886629479135272,0.5647986492754716,9.047889709472656,16.25824546813965,0.7098514326140786,0.7086098498078939,66.37604938271603
RfaH_112,112,0.7283449727509018,0.5648374049532562,8.253340721130371,16.134153366088867,0.6808375634517766,0.6404719501335708,66.02907407407407
RfaH_113,113,0.7614898494255813,0.5685747293663602,8.083939552307129,17.77303123474121,0.7314625850340135,0.680658159838818,65.55913580246913
RfaH_114,114,0.751506164057146,0.5785666288852643,7.136720180511475,17.589200973510742,0.7419354838709677,0.6933333333333334,65.46197530864198
RfaH_115,115,0.788117733227347,0.5629246218989772,8.047775268554688,18.0444278717041,0.71585009733939,0.6356162196679438,65.24141975308642
RfaH_116,116,0.7091087514920212,0.573331428858805,9.091634750366211,15.382892608642578,0.6850478074513683,0.6541795665634675,64.70574074074074
RfaH_117,117,0.6877023209391173,0.5603929087230558,9.345418930053711,15.12913990020752,0.6473256177666563,0.6419648365206663,64.63043209876543
RfaH_118,118,0.7098868070419145,0.5541570093394828,9.387361526489258,17.177833557128906,0.6914101290963257,0.6521423969072165,63.714876543209876
RfaH_119,119,0.7506294490306363,0.5742878228238667,8.444993019104004,17.84767723083496,0.7172103861517976,0.6687438504427682,62.62012345679012
RfaH_120,120,0.5536818057719588,0.4964504513495716,11.477784156799316,19.081594467163086,0.5786002482929857,0.5561298776936516,59.300493827160494
RfaH_121,121,0.5327484753647558,0.4906023006687313,13.546260833740234,21.130815505981445,0.6116661022688791,0.5623123123123124,57.6366049382716
RfaH_122,122,0.579863852151439,0.49264088584039767,11.93696403503418,19.25324058532715,0.5938906752411575,0.560251798561151,56.68604938271604
RfaH_123,123,0.5842297733684962,0.4644206926662991,12.62398624420166,19.296159744262695,0.6041325024598229,0.5649215497918667,54.53253086419753
RfaH_124,124,0.5994572425571684,0.5696622103050383,15.452290534973145,8.797310829162598,0.6482865475756471,0.8512264784946237,85.93203703703705
RfaH_125,125,0.5952686165812678,0.572080430897884,17.24233627319336,9.694238662719727,0.6480635732553891,0.848199259508583,85.3820987654321
RfaH_126,126,0.5913182811581889,0.5724865807759454,16.197059631347656,10.500263214111328,0.6513617960986382,0.8470857336496103,84.91944444444445
RfaH_127,127,0.5937780267521757,0.5763684239689424,18.514591217041016,11.018869400024414,0.6524900036350418,0.8477386934673367,83.55055555555555
RfaH_128,128,0.5943593724467664,0.5645974749521845,18.023025512695312,9.647220611572266,0.6526962582538518,0.8466542750929369,83.46845679012345
RfaH_129,129,0.5988262447633924,0.5853256810282393,15.16841983795166,10.036273002624512,0.6461496746203905,0.8359946773120426,83.46067901234568
RfaH_130,130,0.5946801642200666,0.5710075460843631,18.143077850341797,9.627674102783203,0.6553781204111601,0.8493914807302232,82.62987654320989
RfaH_131,131,0.6011887197737796,0.5537314443005062,16.67930793762207,10.678873062133789,0.6495267564615945,0.8381614199598124,80.63685185185186
RfaH_132,132,0.6060259416995655,0.579731396936879,11.915916442871094,12.31563663482666,0.6517241379310345,0.846868720696584,78.74185185185186
RfaH_133,133,0.6234072748336891,0.5639714287136897,9.866131782531738,13.915371894836426,0.6472578347578347,0.8051206784083496,78.42302469135802
RfaH_134,134,0.7734174136788181,0.5722589182984956,7.481605529785156,17.629953384399414,0.7265523932729625,0.6564885496183206,76.95228395061729
RfaH_135,135,0.7426056540140625,0.566527792743146,8.94234561920166,16.99448013305664,0.7602187163858014,0.7082303073119041,73.47061728395063
RfaH_136,136,0.6171038276309677,0.5635482927522936,10.221117973327637,14.089627265930176,0.6595394736842105,0.8088780323450135,73.51024691358025
RfaH_137,137,0.7720932930060599,0.5687951673282168,7.672289848327637,17.51215934753418,0.7166720205589464,0.6535060012634238,72.76104938271605
RfaH_138,138,0.6991870486610711,0.571441372719566,9.182608604431152,13.935348510742188,0.6904841402337228,0.6883923029174426,72.65259259259258
RfaH_139,139,0.7180110885663515,0.569699445471191,9.249296188354492,14.717679023742676,0.7185787671232877,0.6758598312783907,72.07759259259261
RfaH_140,140,0.6985297516294833,0.5663192852177489,9.618671417236328,14.649810791015625,0.7189697609001406,0.6874171087533156,71.3943827160494
RfaH_141,141,0.7761399380253466,0.5707800061460291,7.7981719970703125,17.766122817993164,0.721073717948718,0.6524102079395085,71.27512345679013
RfaH_142,142,0.777149600885592,0.5775070323352102,7.903531074523926,17.745929718017578,0.7094637223974763,0.6332609370152033,70.73672839506172
RfaH_143,143,0.7741062249949803,0.5670586239918183,7.803294658660889,17.63714027404785,0.7205320165657854,0.6434925093632959,70.09481481481482
RfaH_144,144,0.7653184986426166,0.5708742432992422,7.870719909667969,17.873302459716797,0.7353934481594057,0.6780366056572379,69.85709876543208
RfaH_145,145,0.7274958269887711,0.5591692967330752,8.566625595092773,16.087844848632812,0.6964403427818062,0.650281778334377,68.27499999999999
RfaH_146,146,0.6953060647648832,0.5696994351966485,9.530057907104492,14.128308296203613,0.7184851694915254,0.7090909090909091,67.21518518518519
RfaH_147,147,0.7046401384195925,0.5636933687354999,8.65588665008545,16.46895980834961,0.7171332388377037,0.7086956521739131,65.62395061728395
RfaH_148,148,0.6888980448695929,0.5648511041767539,9.962343215942383,15.65476131439209,0.7207887946922227,0.7371537900874635,63.70395061728396
RfaH_149,149,0.5960389329318744,0.5811127824323584,17.486722946166992,11.054494857788086,0.6456133964324717,0.8493622020812353,86.92691358024692
RfaH_150,150,0.6004984706542104,0.5796323163127586,15.981972694396973,7.554675102233887,0.6462281341107872,0.8543697478991598,84.63283950617283
RfaH_151,151,0.6054773171119344,0.578383031590894,14.807746887207031,8.856681823730469,0.6413082437275985,0.846771523178808,84.44907407407408
RfaH_152,152,0.6013853373252553,0.566264958192283,14.25350284576416,10.666634559631348,0.6501455074572572,0.845018450184502,84.45481481481481
RfaH_153,153,0.5970408886222038,0.6040906939404194,17.28373908996582,10.321989059448242,0.6397868561278863,0.8378112712975098,84.03154320987655
RfaH_154,154,0.5927160483439916,0.5730329368769717,14.249836921691895,9.829517364501953,0.6510857563489143,0.8417454422687374,83.97191358024692
RfaH_155,155,0.6024276843564315,0.5670281594944301,14.515402793884277,10.412333488464355,0.6502717391304348,0.8427163381222853,83.49771604938272
RfaH_156,156,0.6010683610657281,0.5658021399041474,15.717666625976562,9.9871826171875,0.6543850072780204,0.8420435510887772,83.45018518518519
RfaH_157,157,0.5976848998452791,0.573835814911179,17.59796714782715,11.524940490722656,0.6462591240875912,0.8495456075395491,82.50901234567901
RfaH_158,158,0.5948593783975507,0.5750264484920149,18.33433723449707,10.562073707580566,0.6488355167394468,0.8495137491616365,82.05043209876543
RfaH_159,159,0.5963256347117095,0.5659884613354518,17.18619728088379,9.981222152709961,0.654452180285819,0.8494260634706279,81.8895061728395
RfaH_160,160,0.5980220029857847,0.5730031724945394,17.57902717590332,10.941256523132324,0.6338464260438783,0.8351307189542483,81.80753086419753
RfaH_161,161,0.6022181615613997,0.5676351743412951,13.746838569641113,11.18886947631836,0.656951084957705,0.8579295154185023,79.78172839506172
RfaH_162,162,0.6050101245508865,0.5714551171296506,14.367302894592285,8.86673355102539,0.6480441868888084,0.8561163101604278,79.58018518518519
RfaH_163,163,0.603349115711129,0.5817109206176088,17.093290328979492,10.500467300415039,0.6373626373626373,0.8358684985279686,77.93234567901236
RfaH_164,164,0.7436213612970726,0.5681531745102069,9.052224159240723,17.245737075805664,0.7530238349341872,0.7092248333917923,77.15388888888889
RfaH_165,165,0.6288197004323606,0.5691049875625801,10.686071395874023,13.248329162597656,0.6487966954022989,0.814332784184514,77.01030864197531
RfaH_166,166,0.7490301817302172,0.5639215922693651,8.452796936035156,16.753541946411133,0.7466990965948576,0.6912367611889306,73.68925925925926
RfaH_167,167,0.7510822348938256,0.5610244070055328,8.40822982788086,16.805307388305664,0.7472212573810351,0.6952884943666781,72.13808641975308
RfaH_168,168,0.7420541427628917,0.5665424527815894,8.881772994995117,17.121139526367188,0.7551130247578041,0.7123408769448374,71.61845679012345
RfaH_169,169,0.7526705321360776,0.5644479785720842,9.179740905761719,16.660741806030273,0.7503558718861211,0.708011243851019,70.76092592592593
RfaH_170,170,0.6986597980571987,0.5726486575819152,9.994124412536621,14.422348022460938,0.7210714285714286,0.7146456163923413,70.09858024691358
RfaH_171,171,0.6920566593690166,0.5737283086542854,10.252087593078613,14.241969108581543,0.7061295971978985,0.7050181578078574,69.7625925925926
RfaH_172,172,0.6881275709830256,0.57627855180208,9.569194793701172,14.446163177490234,0.7225978647686834,0.7097556894243642,69.16148148148147
RfaH_173,173,0.7434817419982299,0.5681617795557117,8.115653991699219,17.117334365844727,0.7451355107713691,0.6993324204039713,67.83500000000001
RfaH_174,174,0.5976891196055902,0.5718467427420895,14.91557788848877,10.489625930786133,0.6507272727272727,0.8458892617449665,88.1174074074074
RfaH_175,175,0.6054467037297887,0.5655569096506394,15.654955863952637,10.58098316192627,0.6569809941520468,0.8473533378287256,86.88401234567901
RfaH_176,176,0.5975803263635608,0.5690960764665578,16.074914932250977,10.798299789428711,0.6562154186646993,0.8524311458687522,86.3862962962963
RfaH_177,177,0.6017685858651763,0.5726046331727739,15.948457717895508,9.799818992614746,0.6548094373865698,0.8432160804020099,85.52185185185186
RfaH_178,178,0.6020312102561669,0.5711083147391106,13.968243598937988,10.089908599853516,0.6491550330639236,0.8555480378890393,84.75135802469136
RfaH_179,179,0.6023666883898647,0.5706181998802861,16.984357833862305,10.963252067565918,0.6491697416974169,0.8486752717391304,83.23314814814815
RfaH_180,180,0.5973834417996596,0.566582732754846,16.765993118286133,7.835240364074707,0.6540170307293596,0.8436010891763104,83.06358024691357
RfaH_181,181,0.6014511241472695,0.5820187702953564,14.425792694091797,9.42033863067627,0.6507647487254188,0.860420168067227,82.96358024691357
RfaH_182,182,0.6068308047574005,0.5644971542973528,16.859634399414062,11.096475601196289,0.6484771573604061,0.8401269629134649,82.64938271604937
RfaH_183,183,0.5974109631322577,0.5855354568628253,15.733258247375488,10.296564102172852,0.6493936052921719,0.8538357553227441,82.46845679012345
RfaH_184,184,0.6083646051060941,0.6110081598955912,14.990455627441406,8.601043701171875,0.6370910384068278,0.8441910075484084,81.91432098765432
RfaH_185,185,0.595860882030324,0.57619022671564,14.586240768432617,8.751860618591309,0.6509728340675478,0.839808274470232,81.85635802469136
RfaH_186,186,0.6043063421058117,0.58498911102004,16.93183135986328,10.48222541809082,0.6381087806612158,0.8363397835355855,81.36320987654321
RfaH_187,187,0.6051172581899833,0.5715107474264147,13.497222900390625,10.049569129943848,0.6483776886620489,0.8564456411982497,80.77450617283951
RfaH_188,188,0.5951497737692801,0.5674620855105869,18.07030487060547,10.224214553833008,0.6556481481481482,0.8612627986348123,80.41919753086418
RfaH_189,189,0.598369174631472,0.5771457902343504,15.737685203552246,10.553657531738281,0.6569188191881918,0.8540108769544528,79.53617283950618
RfaH_190,190,0.6029011545357427,0.5630546910382525,14.289634704589844,9.559147834777832,0.6565823248991565,0.8548496113551876,78.95413580246914
RfaH_191,191,0.6104555000797129,0.5746336020151149,15.289230346679688,10.990957260131836,0.6510189228529839,0.8482770157243226,76.6654938271605
RfaH_192,192,0.6013934583302993,0.5579802076024554,15.029146194458008,9.921608924865723,0.6473473837209303,0.837152893944463,76.155
RfaH_193,193,0.6134215634029996,0.5572198927154031,12.272457122802734,12.803230285644531,0.6623520710059172,0.8401861252115059,75.69512345679011
RfaH_194,194,0.6006220820724643,0.581670226320625,15.85828685760498,10.407437324523926,0.6389479277364506,0.8320822454308094,75.43277777777779
RfaH_195,195,0.7010873275346848,0.5739291608741787,9.752307891845703,14.33056640625,0.7150379834254144,0.7063840155945419,74.82339506172839
RfaH_196,196,0.6645173256221711,0.5565962938998948,9.547432899475098,14.086766242980957,0.6052132701421801,0.7258088020985136,73.61166666666666
RfaH_197,197,0.7085632666046316,0.5715218636945916,9.74232006072998,15.850086212158203,0.738284066330209,0.7253119429590018,73.13092592592592
RfaH_198,198,0.6100953199949523,0.5655457523486386,10.804239273071289,13.552494049072266,0.6660767511177348,0.8330766598220396,70.22709876543209
RfaH_199,199,0.6008603493104907,0.567545749303002,16.9974308013916,11.495264053344727,0.6506245407788391,0.8503723764387272,83.96820987654321
RfaH_200,200,0.5980506938584418,0.6013853959415131,16.08068084716797,8.175085067749023,0.6456545064377682,0.8401652892561984,83.96808641975309
RfaH_201,201,0.5931967407046739,0.5953275227740946,15.330029487609863,10.128435134887695,0.6391187050359711,0.8453685258964143,83.84629629629632
RfaH_202,202,0.597868410514928,0.5843262243785473,15.327527046203613,10.407904624938965,0.6487986894794321,0.8514103425117528,83.76283950617285
RfaH_203,203,0.6015954886681134,0.5979143164331081,15.502161979675293,6.280361175537109,0.6444787504540501,0.8526606425702811,83.36666666666666
RfaH_204,204,0.5970402078802127,0.6592254346162967,15.659720420837402,5.673187732696533,0.6308068459657702,0.8341688227684347,80.61648148148147
RfaH_205,205,0.6057851471996212,0.5634640965650165,15.909932136535645,10.13106918334961,0.6491702741702742,0.8392678868552413,80.30783950617284
RfaH_206,206,0.6586128539148384,0.5716055116452622,9.053088188171387,14.689279556274414,0.591814837522992,0.7098328138282799,78.3737037037037
RfaH_207,207,0.8283488358912421,0.566678875957315,7.83531379699707,17.83023452758789,0.7538759689922481,0.6154081320697035,75.69814814814814
RfaH_208,208,0.6417306559259899,0.5611979154971661,9.753998756408691,13.90773868560791,0.6254211590296496,0.7580570189030059,74.68981481481481
RfaH_209,209,0.6092805994302986,0.5678688697073309,13.307143211364746,10.518081665039062,0.6525128393250184,0.8555480378890392,73.16518518518518
RfaH_210,210,0.7589201699602696,0.5738403900050213,7.8515472412109375,18.092235565185547,0.7229993493819128,0.6630295250320924,72.72351851851852
RfaH_211,211,0.6008433155822449,0.5747217865719279,15.392068862915039,10.741423606872559,0.6584846239347906,0.8577527322404372,72.10629629629629
RfaH_212,212,0.7942835162136225,0.5677773395824923,7.82236909866333,17.473617553710938,0.7319483348895113,0.6149144254278729,69.80037037037037
RfaH_213,213,0.7012866673081373,0.5673460781094875,8.692479133605957,15.02708625793457,0.6530226700251889,0.6542241126430037,69.51845679012345
RfaH_214,214,0.7680653648596079,0.568496890788932,8.1587553024292,17.607572555541992,0.7019561815336464,0.6365106251924854,69.14135802469136
RfaH_215,215,0.6797348327094844,0.5635619585854353,9.060844421386719,15.106613159179688,0.6590088611749261,0.6778492647058824,68.44006172839507
RfaH_216,216,0.6587151679184173,0.5662891836759733,9.133091926574707,14.891807556152344,0.6158182989690721,0.7259170891738742,68.08864197530865
RfaH_217,217,0.6860739073721788,0.5623476722760635,9.054015159606934,15.246177673339844,0.6575747617482748,0.6707317073170731,68.0624074074074
RfaH_218,218,0.6133579880372794,0.5666434145806117,14.844389915466309,10.094284057617188,0.6516363636363636,0.8471990663554518,68.08141975308642
RfaH_219,219,0.6935831961213376,0.564525123442808,8.971883773803711,15.313383102416992,0.6772412656558998,0.6666146645865835,68.08759259259259
RfaH_220,220,0.6832861331547643,0.5749728352233289,9.270350456237793,15.00326156616211,0.666085657370518,0.6722222222222223,68.02561728395062
RfaH_221,221,0.6980290825932562,0.5648829727737028,9.117352485656738,15.451648712158203,0.675990675990676,0.6798521547656495,66.6704938271605
RfaH_222,222,0.6804342984255969,0.5698585548973839,9.416248321533203,14.859724044799805,0.6591060707138092,0.6846273291925467,66.28395061728395
RfaH_223,223,0.740458731702653,0.5678367430602546,8.148967742919922,17.668848037719727,0.6876820977662674,0.6727694275663576,64.78049382716048
